[
   {
      "blog_id" : 1,
      "image" : "images/image_1.jpg",
      
      "heading" : "Even the all-powerful Pointing has no control about the blind texts",
      "post" : "Far far away, behind the word mountains, far from the countries Vokalia and Consonantia, there live the blind texts.",
	  "url_key" : "blog/single-blog-1",
	  "date" : "April 9, 2019",
	  "author" : "Admin",
	  "comments" : 3
   },
   {
      "blog_id" : 2,
      "image" : "images/image_2.jpg",
      
      "heading" : "Even the all-powerful Pointing has no control about the blind texts",
      "post" : "Far far away, behind the word mountains, far from the countries Vokalia and Consonantia, there live the blind texts.",
	  "url_key" : "blog/single-blog-1",
	  "date" : "April 9, 2019",
	  "author" : "Admin",
	  "comments" : 3
   }, 
   {
      "blog_id" : 3,
      "image" : "images/image_3.jpg",
      
      "heading" : "Even the all-powerful Pointing has no control about the blind texts",
      "post" : "Far far away, behind the word mountains, far from the countries Vokalia and Consonantia, there live the blind texts.",
	  "url_key" : "blog/single-blog-1",
	  "date" : "April 9, 2019",
	  "author" : "Admin",
	  "comments" : 3
   },  
   {
      "blog_id" : 4,
      "image" : "images/image_4.jpg",
       
      "heading" : "Even the all-powerful Pointing has no control about the blind texts",
      "post" : "Far far away, behind the word mountains, far from the countries Vokalia and Consonantia, there live the blind texts.",
	  "url_key" : "blog/single-blog-1",
	  "date" : "April 9, 2019",
	  "author" : "Admin",
	  "comments" : 3
   },
   {
      "blog_id" : 5,
      "image" : "images/image_5.jpg",
      
      "heading" : "Even the all-powerful Pointing has no control about the blind texts",
      "post" : "Far far away, behind the word mountains, far from the countries Vokalia and Consonantia, there live the blind texts.",
	  "url_key" : "blog/single-blog-1",
	  "date" : "April 9, 2019",
	  "author" : "Admin",
	  "comments" : 3
   },
   {
      "blog_id" : 6,
      "image" : "images/image_6.jpg",
      
      "heading" : "Even the all-powerful Pointing has no control about the blind texts",
      "post" : "Far far away, behind the word mountains, far from the countries Vokalia and Consonantia, there live the blind texts.",
	  "url_key" : "blog/single-blog-1",
	  "date" : "April 9, 2019",
	  "author" : "Admin",
	  "comments" : 3
   }
]