[
   {
      "testiid" : 1,
      "image" : "images/person_1.jpg",
      "name" : "Garreth Smith",
      "position" : "Marketing Manager",
      "data" : "Far far away, behind the word mountains, far from the countries Vokalia and Consonantia, there live the blind texts."
   },
   {
      "testiid" : 2,
      "image" : "images/person_2.jpg",
      "name" : "Garreth Smith",
      "position" : "Interface Designer",
      "data" : "Far far away, behind the word mountains, far from the countries Vokalia and Consonantia, there live the blind texts."
   }, 
   {
      "testiid" : 3,
      "image" : "images/person_3.jpg",
      "name" : "Garreth Smith",
      "position" : "Marketing Manager",
      "data" : "Far far away, behind the word mountains, far from the countries Vokalia and Consonantia, there live the blind texts."
   },  
   {
      "testiid" : 4,
      "image" : "images/person_1.jpg",
      "name" : "Garreth Smith", 
      "position" : "Interface Designer",
      "data" : "Far far away, behind the word mountains, far from the countries Vokalia and Consonantia, there live the blind texts."
   },
   {
      "testiid" : 4,
      "image" : "images/person_2.jpg",
      "name" : "Garreth Smith",
      "position" : "Marketing Manager",
      "data" : "Far far away, behind the word mountains, far from the countries Vokalia and Consonantia, there live the blind texts."
   },
   {
      "testiid" : 4,
      "image" : "images/person_3.jpg",
      "name" : "Garreth Smith",
      "position" : "Interface Designer",
      "data" : "Far far away, behind the word mountains, far from the countries Vokalia and Consonantia, there live the blind texts."
   }
]